Employee_ID,First_Name,Last_Name,Date_Of_Birth,Email_ID,Password,Gender,Phone_Number,Role_ID,Department_ID,Created_On,Modified_On
1,Royal,Fauguel,2/16/07,rfauguel0@abc.net.au,yW8!NT\%|Q,Male,658-917-9507,6,5,8/3/18,3/24/21
2,Xena,Sheaf,6/19/06,xsheaf1@cafepress.com,"aB9,z8lC'ReJ}r8g",Female,779-831-4053,5,8,8/11/12,11/7/05
3,Ermina,Tate,7/6/52,etate2@slashdot.org,uY5!`TL_v,Female,681-174-2655,7,1,10/6/16,8/10/15
4,Willi,Klug,7/18/55,wklug3@cargocollective.com,wU8\nPnW,Female,424-792-2010,2,6,12/3/03,7/9/12
5,Travers,Meechan,9/12/67,tmeechan4@vkontakte.ru,dO6(kdVjFS*F6Lg,Male,499-577-8821,4,7,9/6/00,4/28/09
6,Archibald,Guildford,12/7/84,aguildford5@gravatar.com,qU5}We#}3,Male,392-652-6982,1,4,9/16/14,7/17/01
7,Thacher,Rodway,5/29/87,trodway6@sina.com.cn,cW6~{Al2|0mZT,Male,527-290-7202,3,2,10/8/21,11/22/04
8,Ivan,Ghelerdini,5/8/55,ighelerdini7@google.fr,zA0?jf@.\~8%3,Male,519-314-4364,8,3,3/16/17,5/21/07
9,Rosaleen,Jallin,5/4/95,rjallin8@cornell.edu,iR0#.#0HEJZ,Female,862-467-3408,4,9,3/25/00,1/30/05
10,Alina,Bottell,11/24/62,abottell9@prlog.org,vX8<|!wtRJng,Female,161-655-5822,5,4,7/24/05,2/5/24
11,Brit,Devenport,7/8/02,bdevenporta@fda.gov,qS6~$K/h$0aAR(7,Female,911-487-2215,1,2,1/6/16,1/9/04
12,Hayyim,Taunton.,4/2/66,htauntonb@sphinn.com,xR5.xFD8er!V,Male,302-880-8903,3,7,7/4/08,8/16/15
13,Dave,Andreolli,11/22/65,dandreollic@netlog.com,"bW4?gJ!,7",Genderqueer,805-880-3260,7,6,6/18/14,1/4/10
14,Delaney,Chiplen,11/6/55,dchiplend@ca.gov,qA0#\ev=,Male,718-850-1762,4,3,6/9/09,12/31/02
15,Bradford,Symcox,11/9/98,bsymcoxe@forbes.com,wK1$=V$A9@lWE4,Genderqueer,574-120-6592,8,8,12/8/16,1/6/25
16,Lonna,Cassley,7/22/04,lcassleyf@alibaba.com,wK9|2T_p4,Female,173-299-5247,6,10,11/13/13,4/19/05
17,Elmira,Bathersby,2/27/79,ebathersbyg@fotki.com,"aN3,(%eMg'P!8jG",Female,378-680-1499,2,5,12/29/17,4/8/13
18,Dennison,Gensavage,10/17/81,dgensavageh@cmu.edu,bT0{cXhq>/z/rV,Male,939-440-1522,2,9,5/23/16,12/10/18
19,Erl,Wicks,1/23/74,ewicksi@globo.com,"vM5__X/>""u",Male,371-195-7772,1,3,7/27/03,5/13/03
20,Tish,Letterese,12/21/97,tletteresej@squidoo.com,zL3#}5&+tM,Female,215-929-0530,4,4,3/11/00,1/10/11
21,Derward,Foulds,11/1/73,dfouldsk@phpbb.com,jR4+lY5h720lw$l_,Male,808-537-7668,2,9,10/15/15,3/22/15
22,Kellen,Yewdell,12/27/77,kyewdelll@acquirethisname.com,"dZ7|""!6&he7kTx,",Male,733-774-2320,7,1,5/24/14,3/21/19
23,Allx,Fearney,6/5/03,afearneym@engadget.com,jI3{+TYYEww,Non-binary,143-753-0509,5,10,12/24/15,5/20/10
24,Winny,Bennington,8/16/98,wbenningtonn@usatoday.com,"xN5#qy""I",Male,674-989-6814,3,8,7/21/03,12/23/15
25,Patric,Liddard,1/28/79,pliddardo@foxnews.com,nT6.tV#.rX/,Male,152-965-0340,6,2,3/30/19,5/4/21
26,Denys,Hubbert,8/2/08,dhubbertp@slashdot.org,vO3$m1t60XT>d`w,Female,777-501-0421,8,6,4/26/17,4/15/17
27,Starr,Ticehurst,10/14/18,sticehurstq@salon.com,"iZ0=$g,uf8q!BA",Female,249-300-5313,6,5,11/5/07,3/19/10
28,Lilia,Welds,4/6/54,lweldsr@discovery.com,aG5}?5=O}!.h4,Female,244-641-2633,4,3,2/15/17,10/29/02
29,Brittani,Jaan,2/24/18,bjaans@netlog.com,jP6?`L~mS,Female,976-203-7493,3,4,9/15/10,8/24/24
30,Nikki,Matis,5/27/24,nmatist@auda.org.au,"rX4&}""%mot.z#\F",Female,511-410-7321,5,6,6/26/19,5/31/16
31,Gabbey,Beau,9/16/87,gbeauu@usnews.com,eB8$|TS0s~,Female,285-787-1881,7,5,4/5/18,7/4/24
32,Joel,Alekhov,3/4/68,jalekhovv@dropbox.com,"oX9+K)}{Xa8,<V",Male,616-259-5607,8,1,10/23/02,10/19/17
33,Lorenzo,Fancy,6/21/91,lfancyw@gizmodo.com,xX1`m(P1AQFl,Male,716-742-4622,2,10,2/22/23,3/16/07
34,Allianora,Mateus,9/6/81,amateusx@blogtalkradio.com,qY3\gJUF,Female,770-643-5938,6,9,5/9/01,3/30/05
35,Horatius,Segoe,3/18/05,hsegoey@123-reg.co.uk,"vE2}Te,JJpwKLer",Male,669-973-5592,1,2,8/4/20,4/23/12
36,Harry,Ferby,8/26/24,hferbyz@de.vu,vN5<W(ZgQ=|eW~j,Male,421-629-4749,6,7,3/14/16,3/3/24
37,Cori,O'Shevlin,5/16/94,coshevlin10@oaic.gov.au,"nJ5""v.c%B5pLq""",Male,353-465-8184,5,6,12/3/17,7/4/21
38,Jermayne,Janas,3/27/89,jjanas11@oaic.gov.au,cX8$9$hD%86!,Male,736-534-0933,4,7,6/27/15,10/17/03
39,Audrey,Olexa,7/28/24,aolexa12@macromedia.com,"wG0>1jy0,}m",Female,114-767-3589,7,9,6/1/15,8/22/11
40,Karrie,Whitlock,5/7/08,kwhitlock13@dyndns.org,vZ6@*Q_u*Tyg6DN,Non-binary,243-287-0261,1,10,12/11/20,6/25/10
41,Waring,Heinel,8/31/12,wheinel14@1688.com,xD6_f2bL1od7},Male,500-632-1133,2,3,3/14/11,2/7/01
42,Beatrisa,Philips,5/28/52,bphilips15@icq.com,dH5'Gn{p*0tIeAea,Female,706-136-8693,8,1,6/30/22,2/18/20
43,Forbes,Choke,5/7/94,fchoke16@google.es,zV6+Z?j>Z>,Male,726-499-5915,6,2,1/24/15,6/18/07
44,Elke,Laden,8/11/75,eladen17@soup.io,sH3!8&WBON!i7~,Bigender,522-536-1684,3,8,1/28/09,11/25/12
45,Amy,Meneghelli,10/3/21,ameneghelli18@rakuten.co.jp,zD4*@'sfYg,Female,666-313-5176,7,5,1/26/02,8/17/07
46,Bridgette,Dounbare,5/1/16,bdounbare19@chron.com,bM7{nrj7W!LQE+,Female,674-324-7408,3,7,10/26/07,7/15/19
47,Kalila,Mossdale,8/27/03,kmossdale1a@usgs.gov,hQ5=Ezw6,Female,595-881-8434,8,5,1/7/19,8/10/16
48,Annnora,Donett,10/17/12,adonett1b@prweb.com,"vQ0`%=J""!F",Female,490-453-2142,2,4,5/19/05,2/8/01
49,Aluino,Llewhellin,5/15/71,allewhellin1c@youtu.be,"vL5>9F=U""<",Male,537-400-4507,4,3,1/15/25,10/29/14
50,Berne,Kropp,9/1/59,bkropp1d@bluehost.com,wG6{{Oi/,Male,543-141-9504,1,8,11/29/07,2/23/07
51,Mano,Lemery,10/26/74,mlemery1e@wordpress.com,wO0?6?w.&bY..9_,Male,156-424-0834,7,6,7/16/02,5/21/23
52,Tanner,Bell,1/13/97,tbell1f@themeforest.net,"kO7{!=VE|CR,oXF",Male,479-710-0070,6,10,9/6/17,9/8/13
53,Saunders,Mellanby,4/23/90,smellanby1g@com.com,vL0<ESQwfcE6F+}},Male,142-482-1027,5,1,11/22/04,5/30/05
54,Tiphani,Brierton,5/13/79,tbrierton1h@networksolutions.com,"sG7_Ee_7*,Wws",Female,975-606-9158,5,2,4/23/09,1/9/23
55,Wilmer,Vanyatin,12/5/58,wvanyatin1i@disqus.com,aV2'FEe?,Male,889-650-7457,3,10,3/8/21,11/13/14
56,Tomasina,Phillcox,8/5/01,tphillcox1j@odnoklassniki.ru,pL2`LMx\6&n,Female,489-531-3922,1,3,4/1/07,8/1/16
57,Luz,Edington,12/16/73,ledington1k@flickr.com,gI3@Ut=qW4Bcy79@,Bigender,258-107-4678,6,4,11/30/00,5/22/11
58,Giraldo,Eusden,9/29/69,geusden1l@t.co,pE0$2W9p,Male,416-739-4287,5,7,6/13/02,10/15/24
59,Shanna,Hughman,8/25/09,shughman1m@ezinearticles.com,"oH7`A,0quX`s",Genderqueer,551-966-1927,8,9,1/7/08,12/27/12
60,Wilek,Sloat,5/28/11,wsloat1n@sakura.ne.jp,fX2%SSjC@|,Male,925-886-5357,4,6,11/25/19,5/25/10
61,Eugenio,Hanalan,8/23/96,ehanalan1o@a8.net,zV4##cO4hJ=!Mrg,Male,297-664-4268,2,5,3/10/24,12/2/06
62,Bartlett,Standage,7/19/75,bstandage1p@github.io,vQ2=&#bTL>,Male,589-902-3017,7,8,4/1/15,6/9/10
63,Jacquenette,Fraczek,3/30/11,jfraczek1q@people.com.cn,"uU6""VMuihf\",Polygender,530-878-2165,8,2,12/11/00,12/8/13
64,Paule,Kobiera,8/13/09,pkobiera1r@pen.io,hR1$0ak#youP,Female,486-207-4412,4,10,9/28/02,3/11/24
65,Carlene,Tohill,6/13/97,ctohill1s@stanford.edu,wB6'D2vl7OY%v,Female,269-757-0889,6,3,10/17/15,1/8/02
66,Bethena,Hatry,7/30/64,bhatry1t@answers.com,kK8+/qVSOvhrFGy,Female,722-687-9000,5,8,12/23/23,7/19/19
67,Chrissy,Wakelin,12/29/70,cwakelin1u@jugem.jp,gE4`&Amf.~E~,Female,327-225-5077,8,6,8/1/07,9/30/23
68,Axel,Stellin,12/17/62,astellin1v@tinypic.com,zA0!{XG)Vy=\,Male,408-708-6653,7,9,5/2/12,11/20/06
69,Thane,Charlwood,12/13/21,tcharlwood1w@timesonline.co.uk,iE3~34x@.p=8b4?>,Male,110-774-1217,3,4,9/10/07,4/2/16
70,Margaret,Dolan,2/5/60,mdolan1x@gmpg.org,gJ4&=Q__~t,Female,268-700-3592,1,5,3/4/06,10/20/04
71,Nicolais,Blumson,2/6/21,nblumson1y@123-reg.co.uk,"mB0""KyiL(fRkw!J&",Male,156-176-7172,2,1,12/8/22,1/11/02
72,Nick,Woodrough,6/7/07,nwoodrough1z@wordpress.com,dU1?R(>ID6'42d/~,Male,987-418-2423,7,2,2/12/09,5/15/21
73,Johann,Bartell,10/21/99,jbartell20@wisc.edu,"rO6""VVlb",Male,173-231-6744,4,3,12/10/24,10/8/06
74,Renie,Greeson,2/2/13,rgreeson21@buzzfeed.com,kG2++d7QCqDeZ,Female,478-879-6662,1,10,6/4/08,5/19/16
75,Chip,Egdal,2/27/10,cegdal22@psu.edu,"hI8=rFo(v',E&",Male,178-192-8624,8,6,3/19/09,7/19/04
76,Langston,Borghese,9/3/03,lborghese23@gmpg.org,lF2_}dZ<p&)*pI,Male,402-268-2305,3,4,8/20/15,5/2/03
77,Aurie,Reppaport,6/4/59,areppaport24@va.gov,wC7<C>CR}Ud*,Female,253-234-6897,2,8,6/29/12,2/7/12
78,Salvatore,Clausner,2/17/62,sclausner25@google.nl,mT2\E%zB(s0T>+,Male,271-770-2398,5,5,9/16/19,7/12/21
79,Shalne,Merveille,6/8/06,smerveille26@huffingtonpost.com,iC0|=W5G<2VI)M`,Female,827-523-8838,7,2,10/31/03,7/20/06
80,Dacia,Rackham,2/10/21,drackham27@jiathis.com,bG2\8fS|,Female,200-838-3855,6,7,8/11/07,9/28/15
81,Shell,Brimham,12/15/87,sbrimham28@fda.gov,dU3|>%wN'yMm,Female,998-645-2508,8,9,2/25/06,4/22/05
82,Sherri,Edworthie,10/3/56,sedworthie29@ebay.co.uk,lN8'GFhI01)'!jwf,Female,172-494-0949,2,7,8/14/05,7/8/09
83,Ellissa,McDonagh,12/29/10,emcdonagh2a@ftc.gov,"iZ1`oE""5k",Female,593-147-3764,8,1,8/9/04,2/1/24
84,Jennee,Greatbach,1/13/58,jgreatbach2b@ucoz.ru,yP7_ddB`x,Female,184-218-1705,7,8,8/24/08,12/10/05
85,Karoly,Hooke,3/7/12,khooke2c@timesonline.co.uk,"fH8""z/+|)B""6>",Non-binary,796-883-5538,1,2,1/14/25,10/20/18
86,Loren,Luty,6/12/23,lluty2d@usatoday.com,nM8<}GXb1``>kA6,Male,318-370-8609,4,3,11/5/23,10/14/09
87,Kingston,Bouette,4/8/04,kbouette2e@goodreads.com,pQ5%)@xZ5lQcoYs,Male,738-960-2602,6,6,9/25/13,12/7/13
88,Daisie,Curreen,5/22/75,dcurreen2f@ibm.com,tT7/Xy0)},Female,532-870-8140,3,5,6/25/10,5/15/05
89,Marmaduke,Guesford,5/31/69,mguesford2g@xinhuanet.com,oK6*k|(},Male,744-351-9694,5,10,10/6/14,3/13/11
90,Marijn,Jickles,4/17/17,mjickles2h@nymag.com,"cI1`G,*iS/",Male,606-749-6273,1,9,1/2/19,12/7/19
91,Constantia,Sebert,1/25/57,csebert2i@slashdot.org,hM4~+l0uE,Female,585-165-2135,3,2,1/16/24,9/24/14
92,Kerianne,Roscam,4/22/78,kroscam2j@stanford.edu,"hR4@.m,6",Female,234-567-5137,5,3,1/26/24,10/3/13
93,Bronson,MacCook,9/1/77,bmaccook2k@imgur.com,"fK6.EyK,k",Male,743-877-3282,2,8,10/14/01,5/13/10
94,Gnni,Cordle,8/4/99,gcordle2l@slideshare.net,zJ4$U$8uR,Female,628-941-0329,7,10,5/28/23,9/7/12
95,Owen,Andriuzzi,1/16/72,oandriuzzi2m@domainmarket.com,mH7/Q|UPKdq9OX,Bigender,996-914-8526,4,7,6/24/01,8/28/08
96,Emera,Broggelli,8/14/99,ebroggelli2n@xrea.com,sJ4)i=aMDYqOm,Female,116-877-2933,6,9,4/6/21,5/26/06
97,Cyndy,Ashwood,5/28/62,cashwood2o@twitter.com,fS3>P+.PFX!,Female,450-188-3852,1,5,6/2/04,11/5/18
98,Doreen,Scapens,3/9/81,dscapens2p@sakura.ne.jp,kF4|u5CK.#,Female,661-748-2543,8,6,9/19/21,12/3/17
99,Karlene,Lipman,5/13/96,klipman2q@cloudflare.com,zE0*qypr%ycK/{,Female,372-886-9525,8,4,7/8/13,11/12/01
100,Torrence,Squirrell,6/23/05,tsquirrell2r@amazon.com,"aX7{LD%km""ll79",Male,431-327-9711,1,2,4/30/10,8/11/23
101,Jenda,Olliffe,10/2/52,jolliffe2s@oaic.gov.au,kD9~q*=VigZpS(Ho,Female,798-550-2197,3,4,6/23/19,4/2/01
102,Darrell,Renison,2/9/57,drenison2t@cdc.gov,wG9/<7B|i)56@,Male,507-692-5413,8,1,8/19/19,9/21/12
103,Irita,Lavigne,7/31/54,ilavigne2u@pen.io,iO0)\db!1J,Bigender,197-507-5747,4,10,10/17/00,5/7/00
104,Tawsha,Brigge,4/24/08,tbrigge2v@gnu.org,oD1?Fa|&K#,Female,513-333-3943,6,6,3/25/00,8/16/16
105,Vilma,Mariner,1/29/84,vmariner2w@cnbc.com,bF9)xPm4,Female,749-675-8896,5,8,11/14/05,3/26/12
106,Cathyleen,Adame,5/27/99,cadame2x@marketwatch.com,zH0.Uki*O/P,Female,747-285-3180,2,3,3/12/21,12/30/08
107,Hoebart,Mikalski,11/25/53,hmikalski2y@vinaora.com,"yP7~?gs""sDU\+_#",Male,409-302-6459,7,9,9/14/19,2/16/07
108,Phylis,Hayter,8/15/99,phayter2z@topsy.com,cB7`z$!W,Female,704-746-3743,3,5,2/24/20,3/26/15
109,Lorelei,Dellatorre,7/22/65,ldellatorre30@skyrock.com,"wP6}Gv,bm",Female,303-501-7720,6,2,11/25/02,6/7/03
110,Niall,Staines,6/22/16,nstaines31@ow.ly,"iL8{&mq""kt<*",Male,548-555-4883,5,7,7/25/22,1/15/20
111,Gregorio,Brian,9/4/82,gbrian32@icio.us,dT2&\IKM='<&,Male,435-770-2699,2,8,9/20/21,4/25/21
112,Nealon,Marfell,10/20/71,nmarfell33@skype.com,"dW3{,0<q5vFhHP",Male,810-758-1939,4,10,7/18/03,10/5/18
113,Garek,Stonall,1/12/68,gstonall34@storify.com,lL0*RH'I_S,Non-binary,715-276-6476,7,4,10/12/15,7/24/01
114,Mill,Timbs,8/7/14,mtimbs35@hostgator.com,"nU4#NzmjJ?+.T0D,",Male,331-661-5230,3,6,3/2/16,2/19/21
115,Nathaniel,Crapper,4/13/50,ncrapper36@twitter.com,"tE6""rUK}z",Male,183-134-6904,8,3,8/16/11,12/15/04
116,Angel,Poyntz,10/13/91,apoyntz37@oakley.com,eK5|$hfgI,Male,302-464-1884,1,1,5/7/07,7/8/02
117,Hayyim,Diss,7/11/16,hdiss38@purevolume.com,cG1(X!&2=k(IM+lf,Male,839-486-2146,3,5,1/18/16,1/14/19
118,Brock,Kagan,8/27/77,bkagan39@businessinsider.com,gC7}\qbTEO,Male,455-299-0932,4,7,9/12/08,4/9/21
119,Andromache,Gigg,2/24/99,agigg3a@dailymotion.com,hQ0.}$w*LJuW5i6k,Genderqueer,740-811-9608,3,1,11/19/00,10/18/16
120,Henrie,Martinon,3/15/12,hmartinon3b@bloomberg.com,"qM8%ZC""@n.MWj>{\",Female,778-352-3092,1,6,8/21/23,2/13/21
121,Zeke,Beaven,9/19/61,zbeaven3c@mac.com,"uT4%k`dVVM""",Male,707-776-4958,5,8,6/13/08,1/5/04
122,Crysta,Gecks,12/25/80,cgecks3d@issuu.com,cC8/yC/coxt\,Female,252-891-9185,8,4,11/6/11,4/16/19
123,Flynn,Ogger,6/15/67,fogger3e@loc.gov,jP1#DN`yZX,Male,875-870-5597,7,5,4/9/16,7/3/17
124,Kailey,O'Dempsey,4/14/57,kodempsey3f@freewebs.com,yJ5.A3?}c,Female,358-674-6567,2,9,9/6/04,12/9/19
125,Ruperta,Pock,2/1/11,rpock3g@deliciousdays.com,fF2#iVaZ,Female,820-107-3728,6,3,11/24/02,5/22/18
126,Tammy,Wauchope,11/4/12,twauchope3h@csmonitor.com,fO2`?=%x~oI!0Ct,Male,709-853-3580,2,2,2/28/20,7/12/24
127,Elroy,Abdey,9/14/90,eabdey3i@linkedin.com,tA7~+Q!@7>B,Male,817-749-3926,1,3,6/17/15,2/14/21
128,Eva,Tranckle,7/12/18,etranckle3j@posterous.com,jY5.|$}w,Female,320-261-6854,5,10,12/26/21,1/19/08
129,Randie,Mence,5/9/05,rmence3k@stumbleupon.com,sJ4*8MlkQgoy,Male,458-215-5188,4,1,8/4/20,9/22/22
130,Hakim,Mancer,3/24/96,hmancer3l@dyndns.org,bL7_>ybe%fY,Male,363-891-2651,8,9,8/23/17,5/19/22
131,Reider,Spur,2/15/02,rspur3m@upenn.edu,"wW9~Zu_,8/B'EBhR",Male,447-131-9425,7,5,12/30/12,2/19/09
132,Lynnet,Elwel,12/17/23,lelwel3n@ow.ly,sV4!'neerp>,Female,115-797-1470,3,4,2/13/08,9/17/16
133,Farlie,Mapam,10/24/61,fmapam3o@sphinn.com,eO9!WO{`03P',Male,960-988-1443,2,7,8/4/14,12/20/07
134,Charity,Crampton,3/28/22,ccrampton3p@oakley.com,rJ7.Ci/nc,Female,922-817-8372,6,2,5/30/20,1/22/22
135,Haily,Seath,5/23/67,hseath3q@admin.ch,"hF2,#.BX",Male,528-830-5563,3,6,9/26/14,2/21/23
136,Seward,Bragg,9/4/06,sbragg3r@ycombinator.com,"yL7?+""Enl$\TBx+)",Genderfluid,835-230-0601,2,1,6/25/13,5/18/19
137,Sawyere,Sivyer,3/5/22,ssivyer3s@nature.com,tT1?++4U9,Male,622-504-4047,4,5,2/5/14,10/31/20
138,Maxim,Van Leeuwen,7/4/92,mvanleeuwen3t@squidoo.com,wA4&A5tH3h\Tn<k_,Male,826-491-1598,6,6,4/10/10,8/7/03
139,Lucretia,Chisholm,8/17/21,lchisholm3u@blinklist.com,uQ2|5TVe\F)p,Female,134-562-2374,3,7,2/1/20,12/12/14
140,Siegfried,Etchingham,1/26/01,setchingham3v@technorati.com,xB1>yehF,Male,989-701-1475,5,4,4/22/15,2/16/07
141,Alix,Revey,11/13/57,arevey3w@smugmug.com,eQ0?@K2Pa&,Genderfluid,357-455-7838,8,3,10/7/24,4/4/06
142,Rasia,Yendle,8/5/71,ryendle3x@jalbum.net,yD6*?EO`6,Female,122-848-0010,7,2,5/13/21,8/2/01
143,Tadeas,Beevor,5/30/77,tbeevor3y@businessweek.com,"tQ3""0<hsZV",Male,857-724-1341,1,9,6/18/23,12/21/03
144,Bertrand,Berecloth,12/27/87,bberecloth3z@loc.gov,"zE6.LAf""tB>Y$G|6",Male,395-920-1446,8,8,9/4/06,6/8/15
145,Heywood,Cranke,6/26/17,hcranke40@reuters.com,sS4?ZEOOz,Male,352-919-7833,8,2,5/22/19,6/7/02
146,Konstance,Linzee,6/10/97,klinzee41@cam.ac.uk,sE1_ss5#\z!,Female,411-347-6724,6,3,10/28/23,3/30/07
147,Doti,Rands,4/15/90,drands42@prlog.org,yK5!oimV,Genderqueer,711-365-0587,5,6,11/27/04,7/21/23
148,Grant,Noe,9/4/19,gnoe43@creativecommons.org,"wG9""v=_'qOd7HP{",Male,780-387-3890,2,9,3/23/20,12/2/08
149,Julieta,Kemston,6/4/98,jkemston44@stanford.edu,qX4%+pn/,Female,585-227-8874,4,4,7/2/14,10/10/19
150,Myrta,Wyllt,3/8/78,mwyllt45@hhs.gov,qO1{#!jF?Z,Female,190-700-1977,3,8,1/21/21,10/2/14
151,Sibilla,Kuschek,12/21/95,skuschek46@mapquest.com,vV7||bC3a}/ga,Bigender,289-608-1118,1,10,4/6/17,4/25/20
152,Donnamarie,Schimmang,12/5/79,dschimmang47@yahoo.com,dE6=16xOkB,Female,910-794-6424,7,1,12/23/13,6/28/13
153,Orazio,Hunsworth,10/27/15,ohunsworth48@yellowpages.com,aS1|.(vGPa?<)Wo&,Genderqueer,530-751-7012,6,7,7/4/05,2/23/14
154,Anthony,Enga,3/2/94,aenga49@over-blog.com,iY2<~0'mTY,Male,629-227-0817,5,2,10/20/23,3/30/19
155,Ardys,Morrison,12/13/08,amorrison4a@github.com,"xD4""kZNR)m0h=",Female,754-137-1918,3,1,5/6/09,2/8/13
156,Manfred,Lineen,2/9/16,mlineen4b@wikispaces.com,zW6~o|fc,Male,463-617-1426,8,3,9/23/01,9/9/16
157,Eleanor,Gooley,12/31/98,egooley4c@wunderground.com,qL6#V)TK@Z5_,Female,367-419-8024,1,6,3/25/20,4/25/08
158,Danila,Luckes,12/5/90,dluckes4d@i2i.jp,eM4!s5S_JY*@,Female,328-370-7861,2,5,9/14/14,12/6/02
159,Dorian,Desporte,3/23/56,ddesporte4e@ca.gov,fE2&gsf)9)ju8tN,Genderqueer,649-358-8301,4,9,7/28/23,10/23/21
160,Jules,Costelloe,11/22/94,jcostelloe4f@amazon.co.jp,"zP0,,U7|a~Ix/",Male,686-381-4899,7,8,3/30/15,3/25/24
161,Cristy,Saye,2/11/51,csaye4g@shop-pro.jp,"eX7*5r9""|rk\",Female,296-834-5016,6,7,7/12/20,4/26/19
162,Ephraim,Hovert,1/15/94,ehovert4h@unblog.fr,iT3~<FR5fSa',Male,463-920-7827,4,4,9/5/21,4/5/09
163,Salvador,Brady,3/4/89,sbrady4i@biglobe.ne.jp,"sK9&4LtY""Y0y",Male,699-821-5100,8,1,2/13/09,2/26/14
164,Brant,Idale,10/13/52,bidale4j@twitter.com,mD1}k&ji1B3lr,Male,222-196-3300,1,4,8/28/02,2/22/21
165,Ailey,Yakubov,6/3/54,ayakubov4k@ft.com,oH8|h72Ed6lfkM$,Female,931-803-9705,3,8,6/5/07,2/19/19
166,Dionysus,Ibberson,4/2/15,dibberson4l@reverbnation.com,rF9+\o(%DMh$e,Male,807-471-4800,4,7,7/18/04,3/26/06
167,Dottie,MacVaugh,9/20/63,dmacvaugh4m@google.com.au,xY4=..M+g7lj}j,Female,531-545-5741,2,6,9/29/02,8/27/08
168,Conway,Broster,10/8/60,cbroster4n@npr.org,"lU8.X~6wB~rk,/Q",Male,427-980-6525,7,9,9/27/11,3/7/18
169,Agatha,Mongan,12/6/04,amongan4o@mtv.com,lN0`se*Jvh3nms,Female,125-208-0284,6,5,10/26/01,12/30/22
170,Riccardo,Petran,8/1/19,rpetran4p@ucla.edu,"eM9>(,2k$b,)<",Male,894-892-3412,5,10,11/14/10,6/25/01
171,Caril,Despenser,11/26/11,cdespenser4q@lulu.com,wM1'V!#bkINAJ,Female,447-993-4286,1,2,3/27/19,11/16/02
172,Mabel,Calwell,4/19/53,mcalwell4r@umn.edu,pR1=XiC=jh,Female,828-779-0385,7,2,7/26/20,11/4/01
173,Trudy,Michelin,6/7/20,tmichelin4s@flavors.me,kM1\O!zfnX,Female,346-165-0960,2,5,10/2/17,9/5/04
174,Sylvan,Castleman,4/11/14,scastleman4t@nhs.uk,"aK9\Z2B33`""",Male,502-280-6963,3,1,10/3/09,7/5/10
175,Jolee,Servis,5/20/01,jservis4u@alexa.com,"vA1""!NiJeh5YS@R",Female,751-663-4238,4,10,11/21/02,5/18/14
176,Darrelle,Gillaspy,12/9/19,dgillaspy4v@dmoz.org,oC7\{@53)p=O,Female,832-864-2766,8,3,9/26/07,5/29/14
177,Lydia,Dufaire,8/23/91,ldufaire4w@theguardian.com,cV0+Qy{{h*dP,Female,430-235-7105,5,4,2/7/19,6/5/16
178,Germain,Billison,10/26/09,gbillison4x@yelp.com,hI7>!nVReV,Male,458-556-3583,6,9,7/9/14,4/21/22
179,Edy,Rorke,12/5/82,erorke4y@bluehost.com,jV4)oN#P,Polygender,570-736-1126,1,6,5/2/05,2/16/15
180,Mallorie,Batrick,12/30/54,mbatrick4z@businesswire.com,lG0=h4UT,Female,449-419-3572,6,7,5/17/21,7/7/04
181,Rozalie,Duesbury,5/9/85,rduesbury50@last.fm,yV6*\AB0,Female,547-582-7333,3,3,12/3/24,5/13/03
182,Grace,Jeanneau,9/6/15,gjeanneau51@cisco.com,uL9=aV!At!+&A/`9,Male,282-643-5273,6,1,11/25/19,9/27/21
183,Monah,Dytham,9/27/95,mdytham52@weibo.com,zC1~xld#T@8XF>,Female,993-333-8707,7,10,7/17/19,3/26/10
184,Caril,Brigman,9/13/90,cbrigman53@upenn.edu,zE3.(/86,Female,401-350-5206,2,7,3/23/02,3/3/16
185,Robin,Roswarne,4/20/62,rroswarne54@odnoklassniki.ru,lJ3?~Q5K,Male,859-509-0226,4,5,2/17/05,7/25/19
186,Odelia,Appleton,4/2/02,oappleton55@google.com.hk,kR6>la%*ekj>\y0,Polygender,251-943-6662,8,2,3/4/11,8/1/16
187,Thomasine,Gillean,11/24/61,tgillean56@whitehouse.gov,nY1)wG~Ni,Female,388-101-8979,5,6,11/30/12,9/25/21
188,Cynthia,Jamblin,10/13/55,cjamblin57@go.com,vP9!Al?SvM2O.`a,Female,641-716-9584,1,9,8/10/01,4/8/11
189,Celestine,De Courtney,8/14/06,cdecourtney58@miibeian.gov.cn,wA5*9eT@zb,Female,462-678-1992,5,4,6/11/01,4/1/23
190,Garland,Bottini,7/4/04,gbottini59@seesaa.net,xC3&8s~rg8,Female,389-785-5977,1,5,5/27/20,8/30/00
191,Giana,Barrett,6/21/56,gbarrett5a@merriam-webster.com,tE1>0r!AjEGn.,Female,625-949-2578,3,2,1/20/19,8/27/18
192,Madelyn,Bellam,8/5/54,mbellam5b@php.net,fR3~uZT%?V,Female,683-251-4262,2,7,7/28/09,3/30/15
193,Winonah,Kitcat,2/23/55,wkitcat5c@topsy.com,iJ0<W?#!o!`#,Female,995-286-9652,8,4,3/13/15,10/17/16
194,Edee,Cheesworth,3/19/65,echeesworth5d@go.com,wS3<YAiSay,Genderfluid,997-396-4088,5,6,3/25/10,3/29/00
195,Karena,Abbey,11/4/56,kabbey5e@xinhuanet.com,"uP5""H2F\DTBIhDP~",Female,986-355-6469,7,10,4/1/15,7/30/05
196,Brett,Petcher,5/10/58,bpetcher5f@google.ru,bM5?~z+mOP,Female,885-273-6515,6,8,4/26/02,3/30/19
197,Vickie,Marcussen,12/1/83,vmarcussen5g@chicagotribune.com,jQ9_2ZQW*Y{q)l,Female,773-820-4924,4,9,9/25/14,4/26/23
198,Jerri,Flattman,8/25/19,jflattman5h@free.fr,hL7*m\9jqgR|Epd~,Male,429-273-7015,5,3,9/10/00,11/7/19
199,Alvera,Gaylor,2/20/69,agaylor5i@whitehouse.gov,mM3*&@aN.?nj0,Female,832-648-9658,1,2,4/19/21,7/30/22
200,Ambrose,Mabbitt,11/23/64,amabbitt5j@webmd.com,gB7~hFL<>,Male,253-146-8925,7,6,6/14/22,6/9/10
201,Drud,Pierton,2/23/87,dpierton5k@amazon.co.uk,sX6?%zJ.+x,Male,562-239-9593,2,4,2/12/19,1/15/08
202,Aurel,Deboy,1/22/77,adeboy5l@adobe.com,"bF6,*kQJhgC4t",Female,332-100-4100,6,9,7/6/07,7/26/17
203,Ave,Milby,10/12/93,amilby5m@patch.com,nC7\eN&4fv{Z@Z,Male,960-493-9228,4,1,1/15/23,11/1/14
204,Fidela,Tomasek,7/10/91,ftomasek5n@oracle.com,jA7~{7i1sr,Female,883-675-5971,5,8,11/5/23,1/2/15
205,Tomlin,Fuzzard,6/28/95,tfuzzard5o@mediafire.com,kN4*ACaMSa{8zEF(,Polygender,851-560-5427,3,3,1/11/24,4/22/09
206,Theobald,Mussett,2/27/79,tmussett5p@wunderground.com,tA9>QAM.4ADlSXZ,Male,757-545-1310,8,10,4/10/21,8/19/16
207,Hedvig,Haquin,2/17/99,hhaquin5q@craigslist.org,mC0\(M<eL,Female,278-284-2827,5,5,8/1/14,4/7/08
208,Kaia,Cottis,7/6/93,kcottis5r@rediff.com,"zM0""qe$WG",Female,946-385-4896,7,2,11/16/03,11/28/18
209,Ettie,Tunsley,6/19/63,etunsley5s@apple.com,xR2#GNa5uG3,Female,935-405-4500,1,7,7/18/12,12/23/23
210,Roth,Lapidus,1/13/83,rlapidus5t@domainmarket.com,hT9!+c2`XUA,Genderqueer,384-190-4586,2,1,6/10/18,5/19/11
211,Jane,La Rosa,11/17/98,jlarosa5u@artisteer.com,"qI9|,NdeeUx",Female,443-376-4407,5,9,5/1/05,7/3/13
212,Tuck,Sives,11/21/80,tsives5v@wikimedia.org,rE2>m3Sd,Male,784-983-3823,4,10,12/7/04,3/9/13
213,Arthur,Artus,7/11/71,aartus5w@marketwatch.com,"hD9~KSh7""+u",Male,855-952-8270,6,4,5/15/22,12/22/03
214,Cindelyn,Toffalo,3/30/80,ctoffalo5x@jiathis.com,uB7}edr*(F,Female,562-853-3075,3,6,5/6/13,8/15/22
215,Renato,Coult,8/4/76,rcoult5y@discovery.com,"aM6?K\f.d{L%,H+'",Male,427-322-2142,8,3,9/30/03,6/5/16
216,Cullen,Scurry,6/16/50,cscurry5z@chicagotribune.com,wD6(H770bCFZ48Rv,Agender,807-341-0658,5,5,8/1/24,1/23/07
217,Davidde,Byrne,3/5/64,dbyrne60@usa.gov,"fL3""UFa7ne,km\gh",Male,644-905-2744,3,10,10/9/07,2/22/07
218,Goldie,Marking,3/10/51,gmarking61@usda.gov,aI5>YsDH((kfb{,Female,414-208-6727,5,1,5/5/02,8/12/03
219,Hamilton,Bosanko,4/10/66,hbosanko62@usatoday.com,"vR7,f`,7X9?",Male,107-842-9885,6,4,3/6/18,7/2/22
220,Wilmer,Skippen,3/2/14,wskippen63@homestead.com,"oD2<DUx/O,",Male,770-146-7564,1,9,10/2/04,5/22/02
221,Felita,Kenion,6/10/96,fkenion64@prweb.com,"cD6>I""Gd,c",Female,858-441-4467,4,8,9/23/21,11/5/15
222,Venita,Standbridge,9/4/61,vstandbridge65@umn.edu,"rG4,O~Fe7",Female,169-494-8824,2,7,11/11/09,5/18/18
223,Marius,Strafen,12/22/90,mstrafen66@cbslocal.com,mV9<}>8!kU8UCsd#,Male,954-252-5904,8,2,3/19/19,5/9/08
224,Constanta,Strivens,6/19/03,cstrivens67@bluehost.com,"hA8#,_I.d",Non-binary,552-136-0564,7,3,10/4/17,3/14/16
225,Patrice,Case,11/3/89,pcase68@cnet.com,"yJ8_qGhR5gir+mX,",Female,912-113-5087,4,5,9/24/04,3/4/01
226,Eustace,Tripcony,12/20/15,etripcony69@fema.gov,uJ4(lu<gl6q,Male,606-654-2157,7,5,2/7/16,4/30/20
227,Lusa,Vasyatkin,1/28/91,lvasyatkin6a@ucla.edu,bQ3(FK8@,Female,295-739-3566,5,10,3/15/04,8/22/01
228,Aurora,Daniau,5/17/76,adaniau6b@jigsy.com,"jQ6*hP!L{<""",Female,687-361-8515,8,2,10/14/02,10/2/21
229,Randolph,Molineux,3/12/58,rmolineux6c@apache.org,aZ2>11V(58`{/q,Male,876-130-2292,3,8,5/19/00,5/18/20
230,Bamby,Cattermoul,6/19/03,bcattermoul6d@usgs.gov,"kM2@}gCo/""",Female,424-668-0613,2,3,6/8/11,11/15/13
231,Melanie,Rohmer,4/17/81,mrohmer6e@elpais.com,hF6_\E`T$r!M#q,Female,220-452-7525,6,7,6/2/02,4/3/01
232,Heinrick,Bellinger,7/3/86,hbellinger6f@goodreads.com,rS5|z|2YIzBm/*k1,Male,933-914-6581,4,6,12/28/16,4/20/24
233,Nada,Stellman,3/22/55,nstellman6g@google.pl,"mG2+~,.Q#lN3<G@l",Female,558-911-2807,1,4,5/22/13,9/5/08
234,Norman,Figgess,12/27/07,nfiggess6h@godaddy.com,pA6`\$&Z_38(utA0,Male,719-422-7173,2,9,10/15/04,5/25/15
235,Annecorinne,Birkmyr,5/21/68,abirkmyr6i@mac.com,sB7#3}U|0,Female,350-590-0044,5,9,2/7/01,6/18/21
236,Benetta,Bettenay,10/4/12,bbettenay6j@china.com.cn,sZ8`0PK57_(,Female,101-585-0112,2,1,9/18/22,3/18/00
237,Calida,Fairlaw,6/15/65,cfairlaw6k@blogger.com,pD6!%Y2u_yLIm,Genderqueer,444-985-6204,8,3,6/6/14,12/6/21
238,Edlin,Jekyll,6/17/61,ejekyll6l@va.gov,xH1**GN~RimUQ,Male,776-973-9686,6,5,2/2/01,5/1/22
239,Leodora,McRavey,9/8/90,lmcravey6m@devhub.com,tP4/=kEG,Female,636-992-9420,1,2,1/19/08,2/10/09
240,Maurice,Sollime,4/4/81,msollime6n@independent.co.uk,dV6|bD3ZyT3u,Male,312-558-2842,7,8,2/18/21,6/20/02
241,Linn,Padson,7/31/57,lpadson6o@microsoft.com,sI4|nsJ<*,Female,408-154-1246,4,10,8/6/14,7/7/02
242,Selby,Sapena,11/23/51,ssapena6p@163.com,qD6$%SVv6,Male,658-779-3841,3,4,5/9/21,6/26/16
243,Fay,Darrow,4/2/86,fdarrow6q@dropbox.com,"lS3_Q`C""*",Non-binary,181-676-3220,8,6,7/26/14,2/21/15
244,Tanhya,Sinnett,6/17/76,tsinnett6r@slideshare.net,pU6'A2)_},Female,949-923-2491,5,3,9/17/15,8/20/05
245,Aubrie,Boorman,11/25/86,aboorman6s@alexa.com,eI1*v&zRt_,Female,950-227-8043,8,9,1/25/22,7/4/16
246,Marley,Dorrins,2/17/58,mdorrins6t@google.co.jp,sX8)9Bh@iTN{z,Non-binary,814-351-3482,2,7,2/15/21,9/22/24
247,Pris,Parlot,3/11/67,pparlot6u@delicious.com,bB9<z%q`%rB,Female,131-805-8516,1,8,7/15/10,6/15/09
248,Ferris,Spykins,11/24/66,fspykins6v@tmall.com,zI3=<p@UFmTR|=,Male,751-267-2150,7,6,4/3/10,7/18/17
249,Bernadene,Bosward,6/18/23,bbosward6w@nytimes.com,wO8|HqWk,Female,569-545-2961,4,5,2/13/12,9/29/21
250,Randell,Dowry,11/16/71,rdowry6x@google.com.hk,nM4/mebxj,Male,970-672-4195,3,2,8/5/19,2/19/08
251,Janene,Wales,5/13/14,jwales6y@etsy.com,nW2\Nw9)@15&,Female,548-183-1120,6,1,5/16/14,1/17/04
252,Staci,Paula,8/30/57,spaula6z@clickbank.net,yG0(7>G2)m5y,Female,234-166-6695,8,10,10/13/05,9/2/17
253,Vania,Hurring,6/21/54,vhurring70@slate.com,gM7#PbCr\e=p,Female,356-923-0471,6,2,3/31/12,7/22/01
254,Bradly,Roskams,1/9/18,broskams71@gizmodo.com,"pK5}$lStNs,3",Male,930-386-7837,1,8,11/30/18,10/5/06
255,Meta,Rubinovitsch,12/16/73,mrubinovitsch72@epa.gov,iQ0?aray@7y'k,Female,656-563-9954,3,6,2/19/07,9/29/02
256,Daron,Applegate,10/27/23,dapplegate73@springer.com,oL5&3UcRhTD,Female,718-276-6621,7,4,3/1/18,3/5/00
257,Lorena,Readie,12/5/73,lreadie74@storify.com,oC6!F2m#+2y?,Female,710-524-1456,8,5,4/9/20,1/31/15
258,Carmelina,Kenn,10/22/76,ckenn75@cam.ac.uk,oR3$6_(oc&aH,Female,472-776-4741,5,3,10/18/22,1/27/13
259,Burlie,Grishagin,12/25/67,bgrishagin76@smugmug.com,cT0{lH@uU'l,Male,704-397-0944,4,10,6/26/17,3/8/23
260,Vickie,Hovard,7/24/67,vhovard77@bandcamp.com,mE8@BNb&,Female,503-939-3918,2,1,2/11/09,1/19/18
261,Tatiania,De Avenell,1/26/12,tdeavenell78@nifty.com,xD4@#$g1`,Female,717-935-7012,1,9,10/23/19,11/28/04
262,Oliy,Ebanks,10/17/14,oebanks79@jimdo.com,cJ6/i.J<X{%P,Female,343-331-4110,6,10,4/6/18,10/24/18
263,Sasha,Otley,6/29/80,sotley7a@reddit.com,cF7(>f0js%5,Female,971-177-2165,7,6,9/5/10,3/27/10
264,Humfrey,Pumphrey,3/18/53,hpumphrey7b@nifty.com,rR1$Ail'<%.wV5lS,Genderfluid,826-485-1542,2,3,1/6/09,2/6/25
265,Harli,Philipps,12/2/99,hphilipps7c@toplist.cz,"gI0?}!F,8lh,q",Female,556-176-6001,1,5,2/3/03,5/2/12
266,Shawnee,Boughton,8/12/55,sboughton7d@dailymotion.com,bI7(=`KBCzY/Vg.,Female,580-134-1033,3,7,10/26/07,9/30/09
267,Mickie,Coathup,7/17/88,mcoathup7e@google.ca,vT5{T#pQhw,Male,564-254-0656,8,1,4/2/00,1/27/15
268,Sherwin,Sommerling,1/4/17,ssommerling7f@techcrunch.com,gE4`6Qwb,Male,840-984-2506,4,8,10/7/06,12/7/17
269,Antonius,Summerrell,7/3/24,asummerrell7g@jiathis.com,rA2~7np#M'Z$),Male,699-931-6848,5,4,6/29/24,3/14/02
270,Nicol,Bartkiewicz,4/7/77,nbartkiewicz7h@bbc.co.uk,yY7\wAq>09~R,Polygender,704-195-5107,4,9,9/8/06,2/17/02
271,Dahlia,Ksandra,9/4/85,dksandra7i@discovery.com,hM9!1\V1>pzx0,Genderqueer,380-750-7041,3,7,8/16/01,9/27/24
272,Curt,Brabban,10/16/69,cbrabban7j@hubpages.com,"wI3&mqLYQVv""a",Male,232-459-7128,8,1,9/28/06,7/30/01
273,Burt,Mardoll,9/30/68,bmardoll7k@census.gov,bY5$6Yr<=MN,Male,445-315-7423,2,5,6/22/10,3/25/24
274,Lauryn,Youngman,3/25/12,lyoungman7l@dropbox.com,lX0#gY%.\$d!&X,Female,639-215-3097,5,9,2/9/05,3/29/06
275,Arda,Causer,7/30/56,acauser7m@bandcamp.com,"gA4""_y@K\J",Female,511-907-5765,4,3,10/3/19,7/23/12
276,Conway,Hennington,11/13/03,chennington7n@ezinearticles.com,iN4=BFH8*eJ2F,Genderqueer,127-884-8228,6,4,5/4/07,4/21/24
277,Tamqrah,Kidsley,2/5/83,tkidsley7o@addtoany.com,vQ9`uc<x8#D3>*c,Female,851-839-3850,1,6,11/7/14,6/10/07
278,Guglielma,Allicock,2/1/54,gallicock7p@blinklist.com,bJ8%QctFhw<z'DA,Female,985-647-3752,7,8,1/12/22,8/19/04
279,Torrey,Jiruch,3/2/21,tjiruch7q@accuweather.com,qM1.G>b9C70ejh,Male,215-370-6208,6,10,3/2/06,8/4/16
280,Herbie,Hoggan,4/18/97,hhoggan7r@miitbeian.gov.cn,uU9{!(+mCRvS{CZ8,Male,235-697-0556,4,8,5/29/23,10/2/10
281,Sonja,Almon,10/3/61,salmon7s@thetimes.co.uk,"eN7.@asg,%1Z",Female,209-104-0047,3,2,3/22/11,11/3/20
282,Judy,Jendas,2/3/02,jjendas7t@imageshack.us,"cD9_,CHI_",Female,734-851-3672,5,5,3/23/20,2/7/12
283,Meryl,Truesdale,2/6/97,mtruesdale7u@bizjournals.com,wK5'JkI.,Male,225-393-9644,2,4,12/8/10,7/27/06
284,Marcelline,Dutnell,5/26/78,mdutnell7v@weebly.com,mP6/iVN&,Female,155-432-8579,7,3,6/8/23,4/14/07
285,Cyndi,Barwise,9/10/57,cbarwise7w@cargocollective.com,uW8/@)CxlJHK,Female,533-269-4910,8,1,11/24/18,1/20/11
286,Barbaraanne,Ouldcott,5/8/86,bouldcott7x@com.com,kW1'A{o($,Female,573-131-1746,6,6,11/4/16,11/7/01
287,Kiah,Sutherns,9/7/64,ksutherns7y@ustream.tv,"kM8$1(,2a!tF}K",Agender,725-479-3046,1,10,10/15/14,2/3/25
288,Mikey,Perago,11/6/85,mperago7z@eepurl.com,"fG0,A6aV$}z$",Male,802-458-5443,1,9,4/21/22,12/18/02
289,Dottie,Orring,7/30/15,dorring80@hhs.gov,tR9!~<\7Z%nhexYZ,Female,347-585-2561,3,7,6/2/00,9/1/01
290,Maridel,Mapis,4/6/87,mmapis81@privacy.gov.au,cP3*j2up35dkCg,Female,124-871-8720,7,5,8/27/10,2/8/18
291,Vito,Horburgh,2/19/55,vhorburgh82@biblegateway.com,"tP7?~jY,Tb&",Male,184-438-9606,4,2,1/1/18,6/17/11
292,Paula,Overell,1/12/58,poverell83@tmall.com,"mD4,2C5PKE,K>CjY",Female,577-270-6517,8,10,7/7/15,11/30/09
293,Foss,Farnorth,6/21/06,ffarnorth84@alibaba.com,"dC1,HN<yE=|B/0u""",Male,713-208-3581,2,9,9/4/18,10/2/22
294,Ruthi,Davidof,12/21/01,rdavidof85@fema.gov,"sI5>>e.T$&,*`fL",Female,854-878-2176,5,8,7/26/08,8/1/15
295,Delcine,Pioch,1/24/24,dpioch86@elegantthemes.com,"fB1@.En,\~eu",Female,488-280-3661,6,7,8/25/15,2/11/13
296,Tadeo,Sloss,7/18/60,tsloss87@dot.gov,zY2@ed37a`e6vV|,Male,408-626-6845,8,1,1/17/06,11/25/11
297,Cirstoforo,Gonnel,3/16/78,cgonnel88@gov.uk,fA7)ea=#E,Male,560-964-1617,7,4,3/1/01,3/4/18
298,Holden,Keely,8/16/03,hkeely89@ebay.com,yG1&6(g3s)}=sJ+o,Male,704-267-3426,1,6,6/28/18,4/13/07
299,Gwendolyn,Newbigging,2/8/90,gnewbigging8a@cbc.ca,gL5.87phtj=Ay,Female,752-928-4732,5,3,12/26/09,6/15/03
300,Nora,Read,8/2/77,nread8b@bizjournals.com,oO9<t}=`_S,Female,333-144-2631,2,9,11/24/01,4/1/14
,,,,,,,,1,,,
,,,,,,,,2,,,
,,,,,,,,3,,,
,,,,,,,,4,,,
,,,,,,,,5,,,
,,,,,,,,6,,,
,,,,,,,,7,,,
,,,,,,,,8,,,